student_id,Digital Fundamentals,Online Safety,AI & Technology,Communication,Problem Solving,Creativity,Data Skills,Career Readiness,top1,top2,recommendations,vector
S001,0.909091,0.727273,0.636364,0.818182,0.636364,0.909091,0.727273,0.909091,Digital Fundamentals,Creativity,Social Media Content Creator; Graphic Designer/Video Editor (entry); Digital Marketing Intern,"[0.9090909090909091, 0.7272727272727273, 0.6363636363636364, 0.8181818181818182, 0.6363636363636364, 0.9090909090909091, 0.7272727272727273, 0.9090909090909091]"
S002,0.545455,0.818182,0.818182,0.727273,0.818182,0.818182,0.909091,0.727273,Data Skills,Online Safety,Data Entry/Operations; Reporting Assistant,"[0.5454545454545454, 0.8181818181818182, 0.8181818181818182, 0.7272727272727273, 0.8181818181818182, 0.8181818181818182, 0.9090909090909091, 0.7272727272727273]"
S003,0.545455,0.454545,0.545455,0.636364,0.545455,0.636364,0.545455,0.454545,Communication,Creativity,Customer Support; Front Desk Associate,"[0.5454545454545454, 0.45454545454545453, 0.5454545454545454, 0.6363636363636364, 0.5454545454545454, 0.6363636363636364, 0.5454545454545454, 0.45454545454545453]"
